target,model_name,rmse,mae,r2_score
spend,linear_regression,15.605942758215463,2.1604172508374466,0.0006650945402243424
spend,random_forest_regressor,16.31219821885053,2.3025975183709515,-0.09183250134971521
spend,decision_tree_regressor,22.85409410153175,2.4404455578576854,-1.1431820355148656
