campaign_type,customers,visit_rate,conversion_rate,average_spend,total_spend
control,21306,0.10616727682343002,0.005726086548390125,0.6527893551112363,13908.33
mens_email,21307,0.18275684047496127,0.01253109306800582,1.4226165110057727,30311.69
womens_email,21387,0.151400383410483,0.008837144059475383,1.0772015710478329,23038.11
