binary_treatment_flag,treatment_group,customers,visit_rate,conversion_rate,average_spend,total_spend
0,control,21306,0.10616727682343002,0.005726086548390125,0.6527893551112363,13908.33
1,treatment,42694,0.16704923408441466,0.010680657703658593,1.2495854218391345,53349.8
